{
    "graph": [
        {
            "author": " Takin.solutions",
            "cards": [
                {
                    "active": true,
                    "cardid": "1aae5760-221a-11ee-a966-bfab10c4cd7b",
                    "component_id": "f05e4d3a-53c1-11e8-b0ea-784f435179ea",
                    "config": null,
                    "constraints": [
                        {
                            "card_id": "1aae5760-221a-11ee-a966-bfab10c4cd7b",
                            "constraintid": "e471a5e1-4223-41be-abed-99eda1191918",
                            "nodes": [],
                            "uniquetoallinstances": false
                        },
                        {
                            "card_id": "1aae5760-221a-11ee-a966-bfab10c4cd7b",
                            "constraintid": "cf51bc94-71c5-4bce-a02d-68c8762c1d72",
                            "nodes": [],
                            "uniquetoallinstances": false
                        }
                    ],
                    "cssclass": null,
                    "description": null,
                    "graph_id": "a782830f-213d-11ee-a966-bfab10c4cd7b",
                    "helpenabled": false,
                    "helptext": null,
                    "helptitle": null,
                    "instructions": null,
                    "is_editable": true,
                    "name": "DME Actor",
                    "nodegroup_id": "1aae575e-221a-11ee-a966-bfab10c4cd7b",
                    "sortorder": 3,
                    "visible": true
                },
                {
                    "active": true,
                    "cardid": "36ae40c0-4573-11ee-8a8d-11afefc4bff7",
                    "component_id": "f05e4d3a-53c1-11e8-b0ea-784f435179ea",
                    "config": null,
                    "constraints": [
                        {
                            "card_id": "36ae40c0-4573-11ee-8a8d-11afefc4bff7",
                            "constraintid": "7d60fa16-3c6e-4e7a-afde-d9af02d52129",
                            "nodes": [],
                            "uniquetoallinstances": false
                        },
                        {
                            "card_id": "36ae40c0-4573-11ee-8a8d-11afefc4bff7",
                            "constraintid": "5fb2b70f-0347-497f-9b22-4240e4fb2ab4",
                            "nodes": [],
                            "uniquetoallinstances": false
                        }
                    ],
                    "cssclass": null,
                    "description": null,
                    "graph_id": "a782830f-213d-11ee-a966-bfab10c4cd7b",
                    "helpenabled": false,
                    "helptext": null,
                    "helptitle": null,
                    "instructions": null,
                    "is_editable": true,
                    "name": "Description",
                    "nodegroup_id": "36ae40be-4573-11ee-8a8d-11afefc4bff7",
                    "sortorder": 8,
                    "visible": true
                },
                {
                    "active": true,
                    "cardid": "4182d262-221a-11ee-a966-bfab10c4cd7b",
                    "component_id": "f05e4d3a-53c1-11e8-b0ea-784f435179ea",
                    "config": null,
                    "constraints": [
                        {
                            "card_id": "4182d262-221a-11ee-a966-bfab10c4cd7b",
                            "constraintid": "bd162585-9ebf-4922-818a-cf279f8bdb75",
                            "nodes": [],
                            "uniquetoallinstances": false
                        },
                        {
                            "card_id": "4182d262-221a-11ee-a966-bfab10c4cd7b",
                            "constraintid": "ee70eb13-f75b-408a-9251-818f636beee6",
                            "nodes": [],
                            "uniquetoallinstances": false
                        }
                    ],
                    "cssclass": null,
                    "description": null,
                    "graph_id": "a782830f-213d-11ee-a966-bfab10c4cd7b",
                    "helpenabled": false,
                    "helptext": null,
                    "helptitle": null,
                    "instructions": null,
                    "is_editable": true,
                    "name": "DME Timespan",
                    "nodegroup_id": "4182d260-221a-11ee-a966-bfab10c4cd7b",
                    "sortorder": 4,
                    "visible": true
                },
                {
                    "active": true,
                    "cardid": "6ad60c24-221a-11ee-a966-bfab10c4cd7b",
                    "component_id": "f05e4d3a-53c1-11e8-b0ea-784f435179ea",
                    "config": null,
                    "constraints": [
                        {
                            "card_id": "6ad60c24-221a-11ee-a966-bfab10c4cd7b",
                            "constraintid": "252e72b3-c1e9-47fe-b1cb-4459bcf5a125",
                            "nodes": [],
                            "uniquetoallinstances": false
                        },
                        {
                            "card_id": "6ad60c24-221a-11ee-a966-bfab10c4cd7b",
                            "constraintid": "4d7c2101-071e-444f-9232-0185443b770e",
                            "nodes": [],
                            "uniquetoallinstances": false
                        }
                    ],
                    "cssclass": null,
                    "description": null,
                    "graph_id": "a782830f-213d-11ee-a966-bfab10c4cd7b",
                    "helpenabled": false,
                    "helptext": null,
                    "helptitle": null,
                    "instructions": null,
                    "is_editable": true,
                    "name": "DME Output",
                    "nodegroup_id": "6ad60c22-221a-11ee-a966-bfab10c4cd7b",
                    "sortorder": 5,
                    "visible": true
                },
                {
                    "active": true,
                    "cardid": "910eb74c-221a-11ee-a966-bfab10c4cd7b",
                    "component_id": "f05e4d3a-53c1-11e8-b0ea-784f435179ea",
                    "config": null,
                    "constraints": [
                        {
                            "card_id": "910eb74c-221a-11ee-a966-bfab10c4cd7b",
                            "constraintid": "86ba5237-8a00-4afe-8c53-10c7123c3f6b",
                            "nodes": [],
                            "uniquetoallinstances": false
                        },
                        {
                            "card_id": "910eb74c-221a-11ee-a966-bfab10c4cd7b",
                            "constraintid": "d0750216-a2db-4082-81c7-c873fbe2e670",
                            "nodes": [],
                            "uniquetoallinstances": false
                        }
                    ],
                    "cssclass": null,
                    "description": null,
                    "graph_id": "a782830f-213d-11ee-a966-bfab10c4cd7b",
                    "helpenabled": false,
                    "helptext": null,
                    "helptitle": null,
                    "instructions": null,
                    "is_editable": true,
                    "name": "DME Input",
                    "nodegroup_id": "910eb74a-221a-11ee-a966-bfab10c4cd7b",
                    "sortorder": 6,
                    "visible": true
                },
                {
                    "active": true,
                    "cardid": "abc10e3e-4572-11ee-8a8d-11afefc4bff7",
                    "component_id": "f05e4d3a-53c1-11e8-b0ea-784f435179ea",
                    "config": null,
                    "constraints": [
                        {
                            "card_id": "abc10e3e-4572-11ee-8a8d-11afefc4bff7",
                            "constraintid": "066ae300-9a34-4330-9d06-361efc47ecdb",
                            "nodes": [],
                            "uniquetoallinstances": false
                        },
                        {
                            "card_id": "abc10e3e-4572-11ee-8a8d-11afefc4bff7",
                            "constraintid": "06041ba6-ef59-4295-9add-a35db5cf4dca",
                            "nodes": [],
                            "uniquetoallinstances": false
                        }
                    ],
                    "cssclass": null,
                    "description": null,
                    "graph_id": "a782830f-213d-11ee-a966-bfab10c4cd7b",
                    "helpenabled": false,
                    "helptext": null,
                    "helptitle": null,
                    "instructions": null,
                    "is_editable": true,
                    "name": "DME Software Used",
                    "nodegroup_id": "abc10e3c-4572-11ee-8a8d-11afefc4bff7",
                    "sortorder": 9,
                    "visible": true
                },
                {
                    "active": true,
                    "cardid": "b7045081-27b3-11ee-a966-bfab10c4cd7b",
                    "component_id": "f05e4d3a-53c1-11e8-b0ea-784f435179ea",
                    "config": null,
                    "constraints": [
                        {
                            "card_id": "b7045081-27b3-11ee-a966-bfab10c4cd7b",
                            "constraintid": "69b7b0df-03c3-4594-8c0c-db781d76488e",
                            "nodes": [],
                            "uniquetoallinstances": false
                        }
                    ],
                    "cssclass": null,
                    "description": "",
                    "graph_id": "a782830f-213d-11ee-a966-bfab10c4cd7b",
                    "helpenabled": false,
                    "helptext": null,
                    "helptitle": null,
                    "instructions": null,
                    "is_editable": true,
                    "name": "Name",
                    "nodegroup_id": "b704507f-27b3-11ee-a966-bfab10c4cd7b",
                    "sortorder": 0,
                    "visible": true
                },
                {
                    "active": true,
                    "cardid": "d8806dc8-221a-11ee-a966-bfab10c4cd7b",
                    "component_id": "f05e4d3a-53c1-11e8-b0ea-784f435179ea",
                    "config": null,
                    "constraints": [
                        {
                            "card_id": "d8806dc8-221a-11ee-a966-bfab10c4cd7b",
                            "constraintid": "ec3ccb5a-d7a5-4bd2-9086-f7933b4b4f09",
                            "nodes": [],
                            "uniquetoallinstances": false
                        },
                        {
                            "card_id": "d8806dc8-221a-11ee-a966-bfab10c4cd7b",
                            "constraintid": "7279a15f-5440-49fd-b8f6-f194e3d968f9",
                            "nodes": [],
                            "uniquetoallinstances": false
                        }
                    ],
                    "cssclass": null,
                    "description": null,
                    "graph_id": "a782830f-213d-11ee-a966-bfab10c4cd7b",
                    "helpenabled": false,
                    "helptext": null,
                    "helptitle": null,
                    "instructions": null,
                    "is_editable": true,
                    "name": "Motivating Research Project",
                    "nodegroup_id": "d8806dc6-221a-11ee-a966-bfab10c4cd7b",
                    "sortorder": 7,
                    "visible": true
                },
                {
                    "active": true,
                    "cardid": "edbc4fe7-2219-11ee-a966-bfab10c4cd7b",
                    "component_id": "f05e4d3a-53c1-11e8-b0ea-784f435179ea",
                    "config": null,
                    "constraints": [
                        {
                            "card_id": "edbc4fe7-2219-11ee-a966-bfab10c4cd7b",
                            "constraintid": "a942b375-52f9-4a44-9734-6872b83b270c",
                            "nodes": [],
                            "uniquetoallinstances": false
                        }
                    ],
                    "cssclass": "skipfirst",
                    "description": "",
                    "graph_id": "a782830f-213d-11ee-a966-bfab10c4cd7b",
                    "helpenabled": false,
                    "helptext": null,
                    "helptitle": null,
                    "instructions": null,
                    "is_editable": true,
                    "name": "Type",
                    "nodegroup_id": "edbc4fe5-2219-11ee-a966-bfab10c4cd7b",
                    "sortorder": 2,
                    "visible": true
                },
                {
                    "active": true,
                    "cardid": "edbc4ff1-2219-11ee-a966-bfab10c4cd7b",
                    "component_id": "f05e4d3a-53c1-11e8-b0ea-784f435179ea",
                    "config": null,
                    "constraints": [
                        {
                            "card_id": "edbc4ff1-2219-11ee-a966-bfab10c4cd7b",
                            "constraintid": "70a5ff9f-b934-4d74-9029-6ac286ceb046",
                            "nodes": [],
                            "uniquetoallinstances": false
                        }
                    ],
                    "cssclass": "big",
                    "description": "* Collection_id: \n* Field_id: \n* Category_id: CAT.1_Names_and_Classifications",
                    "graph_id": "a782830f-213d-11ee-a966-bfab10c4cd7b",
                    "helpenabled": false,
                    "helptext": null,
                    "helptitle": null,
                    "instructions": null,
                    "is_editable": true,
                    "name": "Identifier",
                    "nodegroup_id": "edbc4fef-2219-11ee-a966-bfab10c4cd7b",
                    "sortorder": 1,
                    "visible": true
                }
            ],
            "cards_x_nodes_x_widgets": [
                {
                    "card_id": "abc10e3e-4572-11ee-8a8d-11afefc4bff7",
                    "config": {
                        "defaultResourceInstance": [],
                        "label": "Software",
                        "placeholder": ""
                    },
                    "id": "0d13a53f-4573-11ee-8a8d-11afefc4bff7",
                    "label": "Software",
                    "node_id": "abc10e3c-4572-11ee-8a8d-11afefc4bff7",
                    "sortorder": 0,
                    "visible": true,
                    "widget_id": "ff3c400a-76ec-11e7-a793-784f435179ea"
                },
                {
                    "card_id": "4182d262-221a-11ee-a966-bfab10c4cd7b",
                    "config": {
                        "dateFormat": "YYYY-MM-DD",
                        "defaultValue": "",
                        "label": "Timespan Begin",
                        "maxDate": false,
                        "minDate": false,
                        "placeholder": "Enter date",
                        "viewMode": "days"
                    },
                    "id": "28a58a2b-221b-11ee-a966-bfab10c4cd7b",
                    "label": "Timespan Begin",
                    "node_id": "49f2fbbe-221a-11ee-a966-bfab10c4cd7b",
                    "sortorder": null,
                    "visible": true,
                    "widget_id": "10000000-0000-0000-0000-000000000004"
                },
                {
                    "card_id": "4182d262-221a-11ee-a966-bfab10c4cd7b",
                    "config": {
                        "dateFormat": "YYYY-MM-DD",
                        "defaultValue": "",
                        "label": "Timespan End",
                        "maxDate": false,
                        "minDate": false,
                        "placeholder": "Enter date",
                        "viewMode": "days"
                    },
                    "id": "28a58a2d-221b-11ee-a966-bfab10c4cd7b",
                    "label": "Timespan End",
                    "node_id": "56471710-221a-11ee-a966-bfab10c4cd7b",
                    "sortorder": null,
                    "visible": true,
                    "widget_id": "10000000-0000-0000-0000-000000000004"
                },
                {
                    "card_id": "1aae5760-221a-11ee-a966-bfab10c4cd7b",
                    "config": {
                        "defaultResourceInstance": [],
                        "label": "Actor",
                        "placeholder": ""
                    },
                    "id": "3b87d47a-221a-11ee-a966-bfab10c4cd7b",
                    "label": "Actor",
                    "node_id": "1aae575e-221a-11ee-a966-bfab10c4cd7b",
                    "sortorder": 0,
                    "visible": true,
                    "widget_id": "ff3c400a-76ec-11e7-a793-784f435179ea"
                },
                {
                    "card_id": "6ad60c24-221a-11ee-a966-bfab10c4cd7b",
                    "config": {
                        "defaultResourceInstance": [],
                        "label": "Digital Object",
                        "placeholder": ""
                    },
                    "id": "8fdd271e-221a-11ee-a966-bfab10c4cd7b",
                    "label": "Digital Object",
                    "node_id": "6ad60c22-221a-11ee-a966-bfab10c4cd7b",
                    "sortorder": 0,
                    "visible": true,
                    "widget_id": "ff3c400a-76ec-11e7-a793-784f435179ea"
                },
                {
                    "card_id": "b7045081-27b3-11ee-a966-bfab10c4cd7b",
                    "config": {
                        "defaultValue": "",
                        "label": "DME Name",
                        "maxLength": null,
                        "placeholder": "Enter text",
                        "uneditable": false,
                        "width": "100%"
                    },
                    "id": "b7045086-27b3-11ee-a966-bfab10c4cd7b",
                    "label": "DME Name",
                    "node_id": "b7045084-27b3-11ee-a966-bfab10c4cd7b",
                    "sortorder": 0,
                    "visible": true,
                    "widget_id": "10000000-0000-0000-0000-000000000001"
                },
                {
                    "card_id": "b7045081-27b3-11ee-a966-bfab10c4cd7b",
                    "config": {
                        "defaultValue": "",
                        "label": "Name Label",
                        "maxLength": null,
                        "placeholder": "Enter text",
                        "uneditable": false,
                        "width": "100%"
                    },
                    "id": "b7045087-27b3-11ee-a966-bfab10c4cd7b",
                    "label": "Name Label",
                    "node_id": "b7045085-27b3-11ee-a966-bfab10c4cd7b",
                    "sortorder": 3,
                    "visible": false,
                    "widget_id": "10000000-0000-0000-0000-000000000001"
                },
                {
                    "card_id": "b7045081-27b3-11ee-a966-bfab10c4cd7b",
                    "config": {
                        "defaultValue": "",
                        "label": "Name Type",
                        "options": [],
                        "placeholder": "Select an option"
                    },
                    "id": "b7045088-27b3-11ee-a966-bfab10c4cd7b",
                    "label": "Name Type",
                    "node_id": "b7045082-27b3-11ee-a966-bfab10c4cd7b",
                    "sortorder": 1,
                    "visible": true,
                    "widget_id": "10000000-0000-0000-0000-000000000012"
                },
                {
                    "card_id": "b7045081-27b3-11ee-a966-bfab10c4cd7b",
                    "config": {
                        "defaultValue": "",
                        "label": "Name Language",
                        "options": [],
                        "placeholder": "Select an option"
                    },
                    "id": "b7045089-27b3-11ee-a966-bfab10c4cd7b",
                    "label": "Name Language",
                    "node_id": "b7045083-27b3-11ee-a966-bfab10c4cd7b",
                    "sortorder": 2,
                    "visible": true,
                    "widget_id": "10000000-0000-0000-0000-000000000012"
                },
                {
                    "card_id": "910eb74c-221a-11ee-a966-bfab10c4cd7b",
                    "config": {
                        "defaultResourceInstance": [],
                        "label": "Input",
                        "placeholder": ""
                    },
                    "id": "d108d6de-221a-11ee-a966-bfab10c4cd7b",
                    "label": "Input",
                    "node_id": "910eb74a-221a-11ee-a966-bfab10c4cd7b",
                    "sortorder": 0,
                    "visible": true,
                    "widget_id": "ff3c400a-76ec-11e7-a793-784f435179ea"
                },
                {
                    "card_id": "36ae40c0-4573-11ee-8a8d-11afefc4bff7",
                    "config": {
                        "defaultValue": "",
                        "label": "DME Description",
                        "maxLength": null,
                        "placeholder": "Enter text",
                        "uneditable": false,
                        "width": "100%"
                    },
                    "id": "d6a8f9a7-4573-11ee-8a8d-11afefc4bff7",
                    "label": "DME Description",
                    "node_id": "4d449468-4573-11ee-8a8d-11afefc4bff7",
                    "sortorder": 0,
                    "visible": true,
                    "widget_id": "10000000-0000-0000-0000-000000000001"
                },
                {
                    "card_id": "36ae40c0-4573-11ee-8a8d-11afefc4bff7",
                    "config": {
                        "defaultValue": "",
                        "label": "Description Type",
                        "options": [],
                        "placeholder": "Select an option"
                    },
                    "id": "d6a8f9a9-4573-11ee-8a8d-11afefc4bff7",
                    "label": "Description Type",
                    "node_id": "71b7c90a-4573-11ee-8a8d-11afefc4bff7",
                    "sortorder": 1,
                    "visible": true,
                    "widget_id": "10000000-0000-0000-0000-000000000012"
                },
                {
                    "card_id": "edbc4fe7-2219-11ee-a966-bfab10c4cd7b",
                    "config": {
                        "defaultValue": "4f1ab67c-ee0d-4e7c-8dd1-2c200210d089",
                        "label": "Metatype",
                        "options": [],
                        "placeholder": "Select an option"
                    },
                    "id": "edbc4fe9-2219-11ee-a966-bfab10c4cd7b",
                    "label": "Metatype",
                    "node_id": "edbc4fe8-2219-11ee-a966-bfab10c4cd7b",
                    "sortorder": 1,
                    "visible": false,
                    "widget_id": "10000000-0000-0000-0000-000000000002"
                },
                {
                    "card_id": "edbc4fe7-2219-11ee-a966-bfab10c4cd7b",
                    "config": {
                        "defaultValue": null,
                        "label": "DME Type",
                        "options": [],
                        "placeholder": "Select an option"
                    },
                    "id": "edbc4fea-2219-11ee-a966-bfab10c4cd7b",
                    "label": "DME Type",
                    "node_id": "edbc4fe5-2219-11ee-a966-bfab10c4cd7b",
                    "sortorder": 0,
                    "visible": true,
                    "widget_id": "10000000-0000-0000-0000-000000000012"
                },
                {
                    "card_id": "edbc4ff1-2219-11ee-a966-bfab10c4cd7b",
                    "config": {
                        "defaultValue": "",
                        "label": "DME Identifier",
                        "maxLength": null,
                        "placeholder": "Enter text",
                        "uneditable": false,
                        "width": "100%"
                    },
                    "id": "edbc4ff5-2219-11ee-a966-bfab10c4cd7b",
                    "label": "DME Identifier",
                    "node_id": "edbc4ff3-2219-11ee-a966-bfab10c4cd7b",
                    "sortorder": 0,
                    "visible": true,
                    "widget_id": "10000000-0000-0000-0000-000000000001"
                },
                {
                    "card_id": "edbc4ff1-2219-11ee-a966-bfab10c4cd7b",
                    "config": {
                        "defaultValue": null,
                        "label": "Identifier Type",
                        "options": [],
                        "placeholder": "Select an option"
                    },
                    "id": "edbc4ff6-2219-11ee-a966-bfab10c4cd7b",
                    "label": "Identifier Type",
                    "node_id": "edbc4ff4-2219-11ee-a966-bfab10c4cd7b",
                    "sortorder": 1,
                    "visible": true,
                    "widget_id": "10000000-0000-0000-0000-000000000012"
                },
                {
                    "card_id": "edbc4ff1-2219-11ee-a966-bfab10c4cd7b",
                    "config": {
                        "defaultValue": null,
                        "label": "Identifier Label",
                        "maxLength": null,
                        "placeholder": "Enter text",
                        "uneditable": false,
                        "width": "100%"
                    },
                    "id": "edbc4ff7-2219-11ee-a966-bfab10c4cd7b",
                    "label": "Identifier Label",
                    "node_id": "edbc4ff2-2219-11ee-a966-bfab10c4cd7b",
                    "sortorder": 2,
                    "visible": false,
                    "widget_id": "10000000-0000-0000-0000-000000000001"
                },
                {
                    "card_id": "d8806dc8-221a-11ee-a966-bfab10c4cd7b",
                    "config": {
                        "defaultResourceInstance": [],
                        "label": "Research Project",
                        "placeholder": ""
                    },
                    "id": "fb418086-221a-11ee-a966-bfab10c4cd7b",
                    "label": "Research Project",
                    "node_id": "d8806dc6-221a-11ee-a966-bfab10c4cd7b",
                    "sortorder": 0,
                    "visible": true,
                    "widget_id": "ff3c400a-76ec-11e7-a793-784f435179ea"
                }
            ],
            "color": "rgb(130,195,236)",
            "config": {},
            "deploymentdate": null,
            "deploymentfile": null,
            "description": "",
            "edges": [
                {
                    "description": null,
                    "domainnode_id": "a782830e-213d-11ee-a966-bfab10c4cd7b",
                    "edgeid": "1aae5761-221a-11ee-a966-bfab10c4cd7b",
                    "graph_id": "a782830f-213d-11ee-a966-bfab10c4cd7b",
                    "name": null,
                    "ontologyproperty": "http://www.cidoc-crm.org/cidoc-crm/P14_carried_out_by",
                    "rangenode_id": "1aae575e-221a-11ee-a966-bfab10c4cd7b"
                },
                {
                    "description": null,
                    "domainnode_id": "a782830e-213d-11ee-a966-bfab10c4cd7b",
                    "edgeid": "36ae40c1-4573-11ee-8a8d-11afefc4bff7",
                    "graph_id": "a782830f-213d-11ee-a966-bfab10c4cd7b",
                    "name": null,
                    "ontologyproperty": "http://www.cidoc-crm.org/cidoc-crm/P129i_is_subject_of",
                    "rangenode_id": "36ae40be-4573-11ee-8a8d-11afefc4bff7"
                },
                {
                    "description": null,
                    "domainnode_id": "a782830e-213d-11ee-a966-bfab10c4cd7b",
                    "edgeid": "4182d263-221a-11ee-a966-bfab10c4cd7b",
                    "graph_id": "a782830f-213d-11ee-a966-bfab10c4cd7b",
                    "name": null,
                    "ontologyproperty": "http://www.cidoc-crm.org/cidoc-crm/P4_has_time-span",
                    "rangenode_id": "4182d260-221a-11ee-a966-bfab10c4cd7b"
                },
                {
                    "description": null,
                    "domainnode_id": "4182d260-221a-11ee-a966-bfab10c4cd7b",
                    "edgeid": "49f2fbbf-221a-11ee-a966-bfab10c4cd7b",
                    "graph_id": "a782830f-213d-11ee-a966-bfab10c4cd7b",
                    "name": null,
                    "ontologyproperty": "http://www.cidoc-crm.org/cidoc-crm/P82a_begin_of_the_begin",
                    "rangenode_id": "49f2fbbe-221a-11ee-a966-bfab10c4cd7b"
                },
                {
                    "description": null,
                    "domainnode_id": "36ae40be-4573-11ee-8a8d-11afefc4bff7",
                    "edgeid": "4d449469-4573-11ee-8a8d-11afefc4bff7",
                    "graph_id": "a782830f-213d-11ee-a966-bfab10c4cd7b",
                    "name": null,
                    "ontologyproperty": "http://www.cidoc-crm.org/cidoc-crm/P190_has_symbolic_content",
                    "rangenode_id": "4d449468-4573-11ee-8a8d-11afefc4bff7"
                },
                {
                    "description": null,
                    "domainnode_id": "4182d260-221a-11ee-a966-bfab10c4cd7b",
                    "edgeid": "56471711-221a-11ee-a966-bfab10c4cd7b",
                    "graph_id": "a782830f-213d-11ee-a966-bfab10c4cd7b",
                    "name": null,
                    "ontologyproperty": "http://www.cidoc-crm.org/cidoc-crm/P82b_end_of_the_end",
                    "rangenode_id": "56471710-221a-11ee-a966-bfab10c4cd7b"
                },
                {
                    "description": null,
                    "domainnode_id": "a782830e-213d-11ee-a966-bfab10c4cd7b",
                    "edgeid": "6ad60c25-221a-11ee-a966-bfab10c4cd7b",
                    "graph_id": "a782830f-213d-11ee-a966-bfab10c4cd7b",
                    "name": null,
                    "ontologyproperty": "http://www.ics.forth.gr/isl/CRMdig/L11_had_output",
                    "rangenode_id": "6ad60c22-221a-11ee-a966-bfab10c4cd7b"
                },
                {
                    "description": null,
                    "domainnode_id": "36ae40be-4573-11ee-8a8d-11afefc4bff7",
                    "edgeid": "71b7c90b-4573-11ee-8a8d-11afefc4bff7",
                    "graph_id": "a782830f-213d-11ee-a966-bfab10c4cd7b",
                    "name": null,
                    "ontologyproperty": "http://www.cidoc-crm.org/cidoc-crm/P2_has_type",
                    "rangenode_id": "71b7c90a-4573-11ee-8a8d-11afefc4bff7"
                },
                {
                    "description": null,
                    "domainnode_id": "a782830e-213d-11ee-a966-bfab10c4cd7b",
                    "edgeid": "910eb74d-221a-11ee-a966-bfab10c4cd7b",
                    "graph_id": "a782830f-213d-11ee-a966-bfab10c4cd7b",
                    "name": null,
                    "ontologyproperty": "http://www.ics.forth.gr/isl/CRMdig/L10_had_input",
                    "rangenode_id": "910eb74a-221a-11ee-a966-bfab10c4cd7b"
                },
                {
                    "description": null,
                    "domainnode_id": "a782830e-213d-11ee-a966-bfab10c4cd7b",
                    "edgeid": "abc10e3f-4572-11ee-8a8d-11afefc4bff7",
                    "graph_id": "a782830f-213d-11ee-a966-bfab10c4cd7b",
                    "name": null,
                    "ontologyproperty": "http://www.ics.forth.gr/isl/CRMdig/L23_used_software_or_firmware",
                    "rangenode_id": "abc10e3c-4572-11ee-8a8d-11afefc4bff7"
                },
                {
                    "description": null,
                    "domainnode_id": "b704507f-27b3-11ee-a966-bfab10c4cd7b",
                    "edgeid": "b704508a-27b3-11ee-a966-bfab10c4cd7b",
                    "graph_id": "a782830f-213d-11ee-a966-bfab10c4cd7b",
                    "name": null,
                    "ontologyproperty": "http://www.cidoc-crm.org/cidoc-crm/P190_has_symbolic_content",
                    "rangenode_id": "b7045084-27b3-11ee-a966-bfab10c4cd7b"
                },
                {
                    "description": null,
                    "domainnode_id": "b704507f-27b3-11ee-a966-bfab10c4cd7b",
                    "edgeid": "b704508b-27b3-11ee-a966-bfab10c4cd7b",
                    "graph_id": "a782830f-213d-11ee-a966-bfab10c4cd7b",
                    "name": null,
                    "ontologyproperty": "http://www.cidoc-crm.org/cidoc-crm/P2_has_type",
                    "rangenode_id": "b7045082-27b3-11ee-a966-bfab10c4cd7b"
                },
                {
                    "description": null,
                    "domainnode_id": "b704507f-27b3-11ee-a966-bfab10c4cd7b",
                    "edgeid": "b704508c-27b3-11ee-a966-bfab10c4cd7b",
                    "graph_id": "a782830f-213d-11ee-a966-bfab10c4cd7b",
                    "name": null,
                    "ontologyproperty": "http://www.cidoc-crm.org/cidoc-crm/P72_has_language",
                    "rangenode_id": "b7045083-27b3-11ee-a966-bfab10c4cd7b"
                },
                {
                    "description": null,
                    "domainnode_id": "b704507f-27b3-11ee-a966-bfab10c4cd7b",
                    "edgeid": "b704508d-27b3-11ee-a966-bfab10c4cd7b",
                    "graph_id": "a782830f-213d-11ee-a966-bfab10c4cd7b",
                    "name": null,
                    "ontologyproperty": "http://www.w3.org/2000/01/rdf-schema#label",
                    "rangenode_id": "b7045085-27b3-11ee-a966-bfab10c4cd7b"
                },
                {
                    "description": null,
                    "domainnode_id": "a782830e-213d-11ee-a966-bfab10c4cd7b",
                    "edgeid": "b704508e-27b3-11ee-a966-bfab10c4cd7b",
                    "graph_id": "a782830f-213d-11ee-a966-bfab10c4cd7b",
                    "name": null,
                    "ontologyproperty": "http://www.cidoc-crm.org/cidoc-crm/P1_is_identified_by",
                    "rangenode_id": "b704507f-27b3-11ee-a966-bfab10c4cd7b"
                },
                {
                    "description": null,
                    "domainnode_id": "a782830e-213d-11ee-a966-bfab10c4cd7b",
                    "edgeid": "d8806dc9-221a-11ee-a966-bfab10c4cd7b",
                    "graph_id": "a782830f-213d-11ee-a966-bfab10c4cd7b",
                    "name": null,
                    "ontologyproperty": "http://www.cidoc-crm.org/cidoc-crm/P17_was_motivated_by",
                    "rangenode_id": "d8806dc6-221a-11ee-a966-bfab10c4cd7b"
                },
                {
                    "description": null,
                    "domainnode_id": "edbc4fe5-2219-11ee-a966-bfab10c4cd7b",
                    "edgeid": "edbc4feb-2219-11ee-a966-bfab10c4cd7b",
                    "graph_id": "a782830f-213d-11ee-a966-bfab10c4cd7b",
                    "name": null,
                    "ontologyproperty": "http://www.cidoc-crm.org/cidoc-crm/P2_has_type",
                    "rangenode_id": "edbc4fe8-2219-11ee-a966-bfab10c4cd7b"
                },
                {
                    "description": null,
                    "domainnode_id": "a782830e-213d-11ee-a966-bfab10c4cd7b",
                    "edgeid": "edbc4fec-2219-11ee-a966-bfab10c4cd7b",
                    "graph_id": "a782830f-213d-11ee-a966-bfab10c4cd7b",
                    "name": null,
                    "ontologyproperty": "http://www.cidoc-crm.org/cidoc-crm/P2_has_type",
                    "rangenode_id": "edbc4fe5-2219-11ee-a966-bfab10c4cd7b"
                },
                {
                    "description": null,
                    "domainnode_id": "edbc4fef-2219-11ee-a966-bfab10c4cd7b",
                    "edgeid": "edbc4ff8-2219-11ee-a966-bfab10c4cd7b",
                    "graph_id": "a782830f-213d-11ee-a966-bfab10c4cd7b",
                    "name": null,
                    "ontologyproperty": "http://www.w3.org/2000/01/rdf-schema#label",
                    "rangenode_id": "edbc4ff2-2219-11ee-a966-bfab10c4cd7b"
                },
                {
                    "description": null,
                    "domainnode_id": "edbc4fef-2219-11ee-a966-bfab10c4cd7b",
                    "edgeid": "edbc4ff9-2219-11ee-a966-bfab10c4cd7b",
                    "graph_id": "a782830f-213d-11ee-a966-bfab10c4cd7b",
                    "name": null,
                    "ontologyproperty": "http://www.cidoc-crm.org/cidoc-crm/P190_has_symbolic_content",
                    "rangenode_id": "edbc4ff3-2219-11ee-a966-bfab10c4cd7b"
                },
                {
                    "description": null,
                    "domainnode_id": "edbc4fef-2219-11ee-a966-bfab10c4cd7b",
                    "edgeid": "edbc4ffa-2219-11ee-a966-bfab10c4cd7b",
                    "graph_id": "a782830f-213d-11ee-a966-bfab10c4cd7b",
                    "name": null,
                    "ontologyproperty": "http://www.cidoc-crm.org/cidoc-crm/P2_has_type",
                    "rangenode_id": "edbc4ff4-2219-11ee-a966-bfab10c4cd7b"
                },
                {
                    "description": null,
                    "domainnode_id": "a782830e-213d-11ee-a966-bfab10c4cd7b",
                    "edgeid": "edbc4ffb-2219-11ee-a966-bfab10c4cd7b",
                    "graph_id": "a782830f-213d-11ee-a966-bfab10c4cd7b",
                    "name": null,
                    "ontologyproperty": "http://www.cidoc-crm.org/cidoc-crm/P1_is_identified_by",
                    "rangenode_id": "edbc4fef-2219-11ee-a966-bfab10c4cd7b"
                }
            ],
            "functions_x_graphs": [],
            "graphid": "a782830f-213d-11ee-a966-bfab10c4cd7b",
            "iconclass": "fa fa-calendar-o",
            "is_editable": true,
            "isactive": true,
            "isresource": true,
            "jsonldcontext": null,
            "name": "Digital Machine Event",
            "nodegroups": [
                {
                    "cardinality": "1",
                    "legacygroupid": null,
                    "nodegroupid": "1aae575e-221a-11ee-a966-bfab10c4cd7b",
                    "parentnodegroup_id": null
                },
                {
                    "cardinality": "1",
                    "legacygroupid": null,
                    "nodegroupid": "36ae40be-4573-11ee-8a8d-11afefc4bff7",
                    "parentnodegroup_id": null
                },
                {
                    "cardinality": "1",
                    "legacygroupid": null,
                    "nodegroupid": "4182d260-221a-11ee-a966-bfab10c4cd7b",
                    "parentnodegroup_id": null
                },
                {
                    "cardinality": "1",
                    "legacygroupid": null,
                    "nodegroupid": "6ad60c22-221a-11ee-a966-bfab10c4cd7b",
                    "parentnodegroup_id": null
                },
                {
                    "cardinality": "1",
                    "legacygroupid": null,
                    "nodegroupid": "910eb74a-221a-11ee-a966-bfab10c4cd7b",
                    "parentnodegroup_id": null
                },
                {
                    "cardinality": "1",
                    "legacygroupid": null,
                    "nodegroupid": "abc10e3c-4572-11ee-8a8d-11afefc4bff7",
                    "parentnodegroup_id": null
                },
                {
                    "cardinality": "1",
                    "legacygroupid": null,
                    "nodegroupid": "b704507f-27b3-11ee-a966-bfab10c4cd7b",
                    "parentnodegroup_id": null
                },
                {
                    "cardinality": "1",
                    "legacygroupid": null,
                    "nodegroupid": "d8806dc6-221a-11ee-a966-bfab10c4cd7b",
                    "parentnodegroup_id": null
                },
                {
                    "cardinality": "1",
                    "legacygroupid": null,
                    "nodegroupid": "edbc4fe5-2219-11ee-a966-bfab10c4cd7b",
                    "parentnodegroup_id": null
                },
                {
                    "cardinality": "n",
                    "legacygroupid": null,
                    "nodegroupid": "edbc4fef-2219-11ee-a966-bfab10c4cd7b",
                    "parentnodegroup_id": null
                }
            ],
            "nodes": [
                {
                    "alias": "actor",
                    "config": {
                        "graphs": [
                            {
                                "graphid": "c5555a21-1f0b-11ee-9071-214dbb482912",
                                "name": "Person"
                            },
                            {
                                "graphid": "d6827145-1f0a-11ee-9071-214dbb482912",
                                "name": "Project_Team"
                            },
                            {
                                "graphid": "aab80f51-1f0b-11ee-9071-214dbb482912",
                                "name": "Group"
                            }
                        ],
                        "searchDsl": "",
                        "searchString": ""
                    },
                    "datatype": "resource-instance-list",
                    "description": null,
                    "exportable": false,
                    "fieldname": null,
                    "graph_id": "a782830f-213d-11ee-a966-bfab10c4cd7b",
                    "is_collector": true,
                    "isrequired": false,
                    "issearchable": true,
                    "istopnode": false,
                    "name": "actor",
                    "nodegroup_id": "1aae575e-221a-11ee-a966-bfab10c4cd7b",
                    "nodeid": "1aae575e-221a-11ee-a966-bfab10c4cd7b",
                    "ontologyclass": "http://www.cidoc-crm.org/cidoc-crm/E39_Actor",
                    "parentproperty": "http://www.cidoc-crm.org/cidoc-crm/P14_carried_out_by",
                    "sortorder": 0
                },
                {
                    "alias": "dme_description",
                    "config": null,
                    "datatype": "semantic",
                    "description": null,
                    "exportable": false,
                    "fieldname": null,
                    "graph_id": "a782830f-213d-11ee-a966-bfab10c4cd7b",
                    "is_collector": true,
                    "isrequired": false,
                    "issearchable": true,
                    "istopnode": false,
                    "name": "dme_description",
                    "nodegroup_id": "36ae40be-4573-11ee-8a8d-11afefc4bff7",
                    "nodeid": "36ae40be-4573-11ee-8a8d-11afefc4bff7",
                    "ontologyclass": "http://www.cidoc-crm.org/cidoc-crm/E33_Linguistic_Object",
                    "parentproperty": "http://www.cidoc-crm.org/cidoc-crm/P129i_is_subject_of",
                    "sortorder": 0
                },
                {
                    "alias": "timespan",
                    "config": null,
                    "datatype": "semantic",
                    "description": null,
                    "exportable": false,
                    "fieldname": null,
                    "graph_id": "a782830f-213d-11ee-a966-bfab10c4cd7b",
                    "is_collector": true,
                    "isrequired": false,
                    "issearchable": true,
                    "istopnode": false,
                    "name": "timespan",
                    "nodegroup_id": "4182d260-221a-11ee-a966-bfab10c4cd7b",
                    "nodeid": "4182d260-221a-11ee-a966-bfab10c4cd7b",
                    "ontologyclass": "http://www.cidoc-crm.org/cidoc-crm/E52_Time-Span",
                    "parentproperty": "http://www.cidoc-crm.org/cidoc-crm/P4_has_time-span",
                    "sortorder": 0
                },
                {
                    "alias": "timespan_begin_of_the_begin",
                    "config": {
                        "dateFormat": "YYYY-MM-DD"
                    },
                    "datatype": "date",
                    "description": null,
                    "exportable": false,
                    "fieldname": null,
                    "graph_id": "a782830f-213d-11ee-a966-bfab10c4cd7b",
                    "is_collector": false,
                    "isrequired": false,
                    "issearchable": true,
                    "istopnode": false,
                    "name": "timespan_begin_of_the_begin",
                    "nodegroup_id": "4182d260-221a-11ee-a966-bfab10c4cd7b",
                    "nodeid": "49f2fbbe-221a-11ee-a966-bfab10c4cd7b",
                    "ontologyclass": "http://www.w3.org/2001/XMLSchema#dateTime",
                    "parentproperty": "http://www.cidoc-crm.org/cidoc-crm/P82a_begin_of_the_begin",
                    "sortorder": 0
                },
                {
                    "alias": "dme_description_content",
                    "config": null,
                    "datatype": "string",
                    "description": null,
                    "exportable": false,
                    "fieldname": null,
                    "graph_id": "a782830f-213d-11ee-a966-bfab10c4cd7b",
                    "is_collector": false,
                    "isrequired": false,
                    "issearchable": true,
                    "istopnode": false,
                    "name": "dme_description_content",
                    "nodegroup_id": "36ae40be-4573-11ee-8a8d-11afefc4bff7",
                    "nodeid": "4d449468-4573-11ee-8a8d-11afefc4bff7",
                    "ontologyclass": "http://www.w3.org/2001/XMLSchema#string",
                    "parentproperty": "http://www.cidoc-crm.org/cidoc-crm/P190_has_symbolic_content",
                    "sortorder": 0
                },
                {
                    "alias": "timespan_end_of_the_end",
                    "config": {
                        "dateFormat": "YYYY-MM-DD"
                    },
                    "datatype": "date",
                    "description": null,
                    "exportable": false,
                    "fieldname": null,
                    "graph_id": "a782830f-213d-11ee-a966-bfab10c4cd7b",
                    "is_collector": false,
                    "isrequired": false,
                    "issearchable": true,
                    "istopnode": false,
                    "name": "timespan_end_of_the_end",
                    "nodegroup_id": "4182d260-221a-11ee-a966-bfab10c4cd7b",
                    "nodeid": "56471710-221a-11ee-a966-bfab10c4cd7b",
                    "ontologyclass": "http://www.w3.org/2001/XMLSchema#dateTime",
                    "parentproperty": "http://www.cidoc-crm.org/cidoc-crm/P82b_end_of_the_end",
                    "sortorder": 0
                },
                {
                    "alias": "dme_output",
                    "config": {
                        "graphs": [
                            {
                                "graphid": "00263c83-1f0c-11ee-9071-214dbb482912",
                                "name": "Volatile_Software"
                            },
                            {
                                "graphid": "25305c11-1f0c-11ee-9071-214dbb482912",
                                "name": "Persistent_Software"
                            },
                            {
                                "graphid": "5bfe7547-213d-11ee-a966-bfab10c4cd7b",
                                "name": "Schema"
                            },
                            {
                                "graphid": "d1e4b089-1f0b-11ee-9071-214dbb482912",
                                "name": "Volatile_Dataset"
                            },
                            {
                                "graphid": "e9a5176d-1f0b-11ee-9071-214dbb482912",
                                "name": "Persistent_Dataset"
                            }
                        ],
                        "searchDsl": "",
                        "searchString": ""
                    },
                    "datatype": "resource-instance-list",
                    "description": null,
                    "exportable": false,
                    "fieldname": null,
                    "graph_id": "a782830f-213d-11ee-a966-bfab10c4cd7b",
                    "is_collector": true,
                    "isrequired": false,
                    "issearchable": true,
                    "istopnode": false,
                    "name": "dme_output",
                    "nodegroup_id": "6ad60c22-221a-11ee-a966-bfab10c4cd7b",
                    "nodeid": "6ad60c22-221a-11ee-a966-bfab10c4cd7b",
                    "ontologyclass": "http://www.ics.forth.gr/isl/CRMdig/D1_Digital_Object",
                    "parentproperty": "http://www.ics.forth.gr/isl/CRMdig/L11_had_output",
                    "sortorder": 0
                },
                {
                    "alias": "dme_description_type",
                    "config": {
                        "rdmCollection": null
                    },
                    "datatype": "concept-list",
                    "description": null,
                    "exportable": false,
                    "fieldname": null,
                    "graph_id": "a782830f-213d-11ee-a966-bfab10c4cd7b",
                    "is_collector": false,
                    "isrequired": false,
                    "issearchable": true,
                    "istopnode": false,
                    "name": "dme_description_type",
                    "nodegroup_id": "36ae40be-4573-11ee-8a8d-11afefc4bff7",
                    "nodeid": "71b7c90a-4573-11ee-8a8d-11afefc4bff7",
                    "ontologyclass": "http://www.cidoc-crm.org/cidoc-crm/E55_Type",
                    "parentproperty": "http://www.cidoc-crm.org/cidoc-crm/P2_has_type",
                    "sortorder": 0
                },
                {
                    "alias": "dme_input",
                    "config": {
                        "graphs": [
                            {
                                "graphid": "00263c83-1f0c-11ee-9071-214dbb482912",
                                "name": "Volatile_Software"
                            },
                            {
                                "graphid": "25305c11-1f0c-11ee-9071-214dbb482912",
                                "name": "Persistent_Software"
                            },
                            {
                                "graphid": "5bfe7547-213d-11ee-a966-bfab10c4cd7b",
                                "name": "Schema"
                            },
                            {
                                "graphid": "d1e4b089-1f0b-11ee-9071-214dbb482912",
                                "name": "Volatile_Dataset"
                            },
                            {
                                "graphid": "e9a5176d-1f0b-11ee-9071-214dbb482912",
                                "name": "Persistent_Dataset"
                            }
                        ],
                        "searchDsl": "",
                        "searchString": ""
                    },
                    "datatype": "resource-instance-list",
                    "description": null,
                    "exportable": false,
                    "fieldname": null,
                    "graph_id": "a782830f-213d-11ee-a966-bfab10c4cd7b",
                    "is_collector": true,
                    "isrequired": false,
                    "issearchable": true,
                    "istopnode": false,
                    "name": "dme_input",
                    "nodegroup_id": "910eb74a-221a-11ee-a966-bfab10c4cd7b",
                    "nodeid": "910eb74a-221a-11ee-a966-bfab10c4cd7b",
                    "ontologyclass": "http://www.ics.forth.gr/isl/CRMdig/D1_Digital_Object",
                    "parentproperty": "http://www.ics.forth.gr/isl/CRMdig/L10_had_input",
                    "sortorder": 0
                },
                {
                    "alias": "digital_machine_event",
                    "config": null,
                    "datatype": "semantic",
                    "description": "",
                    "exportable": false,
                    "fieldname": null,
                    "graph_id": "a782830f-213d-11ee-a966-bfab10c4cd7b",
                    "is_collector": false,
                    "isrequired": false,
                    "issearchable": true,
                    "istopnode": true,
                    "name": "Digital Machine Event",
                    "nodegroup_id": null,
                    "nodeid": "a782830e-213d-11ee-a966-bfab10c4cd7b",
                    "ontologyclass": "http://www.ics.forth.gr/isl/CRMdig/D7_Digital_Machine_Event",
                    "parentproperty": "",
                    "sortorder": 0
                },
                {
                    "alias": "dme_software_use",
                    "config": {
                        "graphs": [
                            {
                                "graphid": "00263c83-1f0c-11ee-9071-214dbb482912",
                                "name": "Volatile Software"
                            },
                            {
                                "graphid": "25305c11-1f0c-11ee-9071-214dbb482912",
                                "name": "Persistent Software"
                            }
                        ],
                        "searchDsl": "",
                        "searchString": ""
                    },
                    "datatype": "resource-instance-list",
                    "description": null,
                    "exportable": false,
                    "fieldname": null,
                    "graph_id": "a782830f-213d-11ee-a966-bfab10c4cd7b",
                    "is_collector": true,
                    "isrequired": false,
                    "issearchable": true,
                    "istopnode": false,
                    "name": "dme_software_use",
                    "nodegroup_id": "abc10e3c-4572-11ee-8a8d-11afefc4bff7",
                    "nodeid": "abc10e3c-4572-11ee-8a8d-11afefc4bff7",
                    "ontologyclass": "http://www.ics.forth.gr/isl/CRMdig/D14_Software",
                    "parentproperty": "http://www.ics.forth.gr/isl/CRMdig/L23_used_software_or_firmware",
                    "sortorder": 0
                },
                {
                    "alias": "name",
                    "config": null,
                    "datatype": "semantic",
                    "description": "",
                    "exportable": false,
                    "fieldname": null,
                    "graph_id": "a782830f-213d-11ee-a966-bfab10c4cd7b",
                    "is_collector": true,
                    "isrequired": false,
                    "issearchable": true,
                    "istopnode": false,
                    "name": "name",
                    "nodegroup_id": "b704507f-27b3-11ee-a966-bfab10c4cd7b",
                    "nodeid": "b704507f-27b3-11ee-a966-bfab10c4cd7b",
                    "ontologyclass": "http://www.cidoc-crm.org/cidoc-crm/E33_E41_Linguistic_Appellation",
                    "parentproperty": "http://www.cidoc-crm.org/cidoc-crm/P1_is_identified_by",
                    "sortorder": 0
                },
                {
                    "alias": "name_type",
                    "config": {
                        "rdmCollection": null
                    },
                    "datatype": "concept-list",
                    "description": null,
                    "exportable": false,
                    "fieldname": null,
                    "graph_id": "a782830f-213d-11ee-a966-bfab10c4cd7b",
                    "is_collector": false,
                    "isrequired": false,
                    "issearchable": true,
                    "istopnode": false,
                    "name": "name_type",
                    "nodegroup_id": "b704507f-27b3-11ee-a966-bfab10c4cd7b",
                    "nodeid": "b7045082-27b3-11ee-a966-bfab10c4cd7b",
                    "ontologyclass": "http://www.cidoc-crm.org/cidoc-crm/E55_Type",
                    "parentproperty": "http://www.cidoc-crm.org/cidoc-crm/P2_has_type",
                    "sortorder": 0
                },
                {
                    "alias": "name_language",
                    "config": {
                        "rdmCollection": null
                    },
                    "datatype": "concept-list",
                    "description": null,
                    "exportable": false,
                    "fieldname": null,
                    "graph_id": "a782830f-213d-11ee-a966-bfab10c4cd7b",
                    "is_collector": false,
                    "isrequired": false,
                    "issearchable": true,
                    "istopnode": false,
                    "name": "name_language",
                    "nodegroup_id": "b704507f-27b3-11ee-a966-bfab10c4cd7b",
                    "nodeid": "b7045083-27b3-11ee-a966-bfab10c4cd7b",
                    "ontologyclass": "http://www.cidoc-crm.org/cidoc-crm/E56_Language",
                    "parentproperty": "http://www.cidoc-crm.org/cidoc-crm/P72_has_language",
                    "sortorder": 0
                },
                {
                    "alias": "name_content",
                    "config": null,
                    "datatype": "string",
                    "description": null,
                    "exportable": true,
                    "fieldname": null,
                    "graph_id": "a782830f-213d-11ee-a966-bfab10c4cd7b",
                    "is_collector": false,
                    "isrequired": true,
                    "issearchable": true,
                    "istopnode": false,
                    "name": "name_content",
                    "nodegroup_id": "b704507f-27b3-11ee-a966-bfab10c4cd7b",
                    "nodeid": "b7045084-27b3-11ee-a966-bfab10c4cd7b",
                    "ontologyclass": "http://www.w3.org/2001/XMLSchema#string",
                    "parentproperty": "http://www.cidoc-crm.org/cidoc-crm/P190_has_symbolic_content",
                    "sortorder": 0
                },
                {
                    "alias": "name_label",
                    "config": null,
                    "datatype": "string",
                    "description": null,
                    "exportable": false,
                    "fieldname": null,
                    "graph_id": "a782830f-213d-11ee-a966-bfab10c4cd7b",
                    "is_collector": false,
                    "isrequired": false,
                    "issearchable": true,
                    "istopnode": false,
                    "name": "name_label",
                    "nodegroup_id": "b704507f-27b3-11ee-a966-bfab10c4cd7b",
                    "nodeid": "b7045085-27b3-11ee-a966-bfab10c4cd7b",
                    "ontologyclass": "http://www.w3.org/2001/XMLSchema#string",
                    "parentproperty": "http://www.w3.org/2000/01/rdf-schema#label",
                    "sortorder": 0
                },
                {
                    "alias": "research_project_motivation",
                    "config": {
                        "graphs": [
                            {
                                "graphid": "d60113cb-2215-11ee-a966-bfab10c4cd7b",
                                "name": "Research_Project"
                            }
                        ],
                        "searchDsl": "",
                        "searchString": ""
                    },
                    "datatype": "resource-instance-list",
                    "description": null,
                    "exportable": false,
                    "fieldname": null,
                    "graph_id": "a782830f-213d-11ee-a966-bfab10c4cd7b",
                    "is_collector": true,
                    "isrequired": false,
                    "issearchable": true,
                    "istopnode": false,
                    "name": "research_project_motivation",
                    "nodegroup_id": "d8806dc6-221a-11ee-a966-bfab10c4cd7b",
                    "nodeid": "d8806dc6-221a-11ee-a966-bfab10c4cd7b",
                    "ontologyclass": "http://parthenos.d4science.org/CRMext/CRMpe.rdfs/PE45_Research_Project",
                    "parentproperty": "http://www.cidoc-crm.org/cidoc-crm/P17_was_motivated_by",
                    "sortorder": 0
                },
                {
                    "alias": "type",
                    "config": {
                        "rdmCollection": "00000000-0000-0000-0000-000000000005"
                    },
                    "datatype": "concept-list",
                    "description": "",
                    "exportable": false,
                    "fieldname": null,
                    "graph_id": "a782830f-213d-11ee-a966-bfab10c4cd7b",
                    "is_collector": true,
                    "isrequired": false,
                    "issearchable": true,
                    "istopnode": false,
                    "name": "type",
                    "nodegroup_id": "edbc4fe5-2219-11ee-a966-bfab10c4cd7b",
                    "nodeid": "edbc4fe5-2219-11ee-a966-bfab10c4cd7b",
                    "ontologyclass": "http://www.cidoc-crm.org/cidoc-crm/E55_Type",
                    "parentproperty": "http://www.cidoc-crm.org/cidoc-crm/P2_has_type",
                    "sortorder": 0
                },
                {
                    "alias": "type_metatype",
                    "config": {
                        "rdmCollection": null
                    },
                    "datatype": "concept",
                    "description": "# Specific:\n\n\n# General:\nIn order to make data both consistent and able to be customized to specific scenarios, nodes can be classified with terms from controlled vocabularies. This field gives a way to be more specific about the sort of entity, while maintaining the core information using the ontology class. See: https://linked.art/model/base/#types-and-classifications\n\n# Arches Note:\n\n\n* BranchId: la-classification\n* FieldId: \n",
                    "exportable": false,
                    "fieldname": null,
                    "graph_id": "a782830f-213d-11ee-a966-bfab10c4cd7b",
                    "is_collector": false,
                    "isrequired": false,
                    "issearchable": false,
                    "istopnode": false,
                    "name": "type_metatype",
                    "nodegroup_id": "edbc4fe5-2219-11ee-a966-bfab10c4cd7b",
                    "nodeid": "edbc4fe8-2219-11ee-a966-bfab10c4cd7b",
                    "ontologyclass": "http://www.cidoc-crm.org/cidoc-crm/E55_Type",
                    "parentproperty": "http://www.cidoc-crm.org/cidoc-crm/P2_has_type",
                    "sortorder": 0
                },
                {
                    "alias": "identifier",
                    "config": null,
                    "datatype": "semantic",
                    "description": "* Collection_id: \n* Field_id: \n* Category_id: CAT.1_Names_and_Classifications",
                    "exportable": false,
                    "fieldname": null,
                    "graph_id": "a782830f-213d-11ee-a966-bfab10c4cd7b",
                    "is_collector": true,
                    "isrequired": false,
                    "issearchable": true,
                    "istopnode": false,
                    "name": "identifier",
                    "nodegroup_id": "edbc4fef-2219-11ee-a966-bfab10c4cd7b",
                    "nodeid": "edbc4fef-2219-11ee-a966-bfab10c4cd7b",
                    "ontologyclass": "http://www.cidoc-crm.org/cidoc-crm/E42_Identifier",
                    "parentproperty": "http://www.cidoc-crm.org/cidoc-crm/P1_is_identified_by",
                    "sortorder": 0
                },
                {
                    "alias": "identifier_label",
                    "config": null,
                    "datatype": "string",
                    "description": "* Collection_id: LAP.2_Identifier\n* Field_id: LAF.8_identifier_label\n* Category_id: CAT.1_Names_and_Classifications",
                    "exportable": false,
                    "fieldname": null,
                    "graph_id": "a782830f-213d-11ee-a966-bfab10c4cd7b",
                    "is_collector": false,
                    "isrequired": false,
                    "issearchable": false,
                    "istopnode": false,
                    "name": "identifier_label",
                    "nodegroup_id": "edbc4fef-2219-11ee-a966-bfab10c4cd7b",
                    "nodeid": "edbc4ff2-2219-11ee-a966-bfab10c4cd7b",
                    "ontologyclass": "http://www.w3.org/2001/XMLSchema#string",
                    "parentproperty": "http://www.w3.org/2000/01/rdf-schema#label",
                    "sortorder": 0
                },
                {
                    "alias": "identifier_content",
                    "config": null,
                    "datatype": "string",
                    "description": "* Collection_id: LAP.2_Identifier\n* Field_id: LAF.10_identifier_content\n* Category_id: CAT.1_Names_and_Classifications",
                    "exportable": false,
                    "fieldname": null,
                    "graph_id": "a782830f-213d-11ee-a966-bfab10c4cd7b",
                    "is_collector": false,
                    "isrequired": true,
                    "issearchable": true,
                    "istopnode": false,
                    "name": "identifier_content",
                    "nodegroup_id": "edbc4fef-2219-11ee-a966-bfab10c4cd7b",
                    "nodeid": "edbc4ff3-2219-11ee-a966-bfab10c4cd7b",
                    "ontologyclass": "http://www.w3.org/2001/XMLSchema#string",
                    "parentproperty": "http://www.cidoc-crm.org/cidoc-crm/P190_has_symbolic_content",
                    "sortorder": 0
                },
                {
                    "alias": "identifier_type",
                    "config": {
                        "rdmCollection": "00000000-0000-0000-0000-000000000005"
                    },
                    "datatype": "concept-list",
                    "description": "* Collection_id: LAP.2_Identifier\n* Field_id: LAF.9_identifier_type\n* Category_id: CAT.1_Names_and_Classifications",
                    "exportable": false,
                    "fieldname": null,
                    "graph_id": "a782830f-213d-11ee-a966-bfab10c4cd7b",
                    "is_collector": false,
                    "isrequired": false,
                    "issearchable": true,
                    "istopnode": false,
                    "name": "identifier_type",
                    "nodegroup_id": "edbc4fef-2219-11ee-a966-bfab10c4cd7b",
                    "nodeid": "edbc4ff4-2219-11ee-a966-bfab10c4cd7b",
                    "ontologyclass": "http://www.cidoc-crm.org/cidoc-crm/E55_Type",
                    "parentproperty": "http://www.cidoc-crm.org/cidoc-crm/P2_has_type",
                    "sortorder": 0
                }
            ],
            "ontology_id": "0b1f5462-faa7-11e9-8f09-3af9d3b32b71",
            "relatable_resource_model_ids": [],
            "resource_2_resource_constraints": [],
            "root": {
                "alias": "digital_machine_event",
                "config": null,
                "datatype": "semantic",
                "description": "",
                "exportable": false,
                "fieldname": null,
                "graph_id": "a782830f-213d-11ee-a966-bfab10c4cd7b",
                "is_collector": false,
                "isrequired": false,
                "issearchable": true,
                "istopnode": true,
                "name": "Digital Machine Event",
                "nodegroup_id": null,
                "nodeid": "a782830e-213d-11ee-a966-bfab10c4cd7b",
                "ontologyclass": "http://www.ics.forth.gr/isl/CRMdig/D7_Digital_Machine_Event",
                "sortorder": 0
            },
            "slug": null,
            "subtitle": "",
            "template_id": "50000000-0000-0000-0000-000000000001",
            "version": ""
        }
    ],
    "metadata": {
        "db": "PostgreSQL 12.12 (Ubuntu 12.12-1.pgdg22.04+1) on x86_64-pc-linux-gnu, compiled by gcc (Ubuntu 11.2.0-19ubuntu1) 11.2.0, 64-bit",
        "git hash": "eae7c6228 2022-06-16 17:04:09 -0700",
        "os": "Linux",
        "os version": "6.2.0-1012-aws"
    }
}