<?xml version="1.0"?>
<!--
CRMarchaeo v1.4.1 harmonised with CIDOC CRM v6.2.1 and CRMsci v1.2.3 encoded in RDFS

Created by ICS-FORTH (CCI-ISL-ICS) Friday 24 June 2016

Encoding Rules:
1. The RDF spelling rules do not allow blanks. Hence we have replaced them by underscores.
   The blank between the concept identifier and concept name is replaced by underscore too.
   For instance "A1_Excavation_Process_Unit" or "AP1_produced".
   
2. RDF does not allow to instantiate properties beginning from a range value.
   Therefore, each CRMarchaeo property is represented as two RDFS properties.
   For instance "AP1_produced (was_produced_by)" is represented as:
   "AP1_produced" for the domain to range direction and "AP1i_was_produced_by" for the range to domain direction.
   
3. Scope notes are represented as <rdf:comment> elements.

4. Any other differences in labels, scope notes  and semantic relationships of this encoding 
to the authoritative definition of the CRMarchaeo v1.4.1 (June 2016) are not intended transfer errors. 
FORTH appreciates your feed-back on such errors.

5. For validity purposes it has been declared A1 Excavation Process Unit isA E6 Destruction, this is a pending issue
-->
<rdf:RDF xml:lang="en" xmlns:rdf="http://www.w3.org/1999/02/22-rdf-syntax-ns#" xmlns:rdfs="http://www.w3.org/2000/01/rdf-schema#"
xml:base="https://www.cidoc-crm.org/cidoc-crm/CRMarchaeo/">

<rdfs:Class rdf:about="A1_Excavation_Process_Unit">
	<rdfs:label xml:lang="en">Excavation Process Unit</rdfs:label>
	<rdfs:comment>This class comprises activities of excavating in the sense of archaeology which are documented as a coherent set of actions of progressively recording and removing matter from a pre-specified location under specific rules. Typically, an excavation process unit would be terminated if significant discontinuities of substance or finds come to light, or if the activity should be interrupted due to external factors, such as end of a working day. In other cases, the termination would be based on predefined physical specifications, such as the boundaries of a maximal volume of matter intended to be excavated in one unit of excavation.
Depending on the methodology, an instance of A1 Excavation Process Unit may intend to remove matter only within the boundaries of a particular stratigraphic unit, or it may follow a pre-declared spatial extent such as a trench. It may only uncover, clean or expose a structure or parts of it.
The process of excavation results in the production of a set of recorded (documentation) data that should be sufficient to provide researchers enough information regarding the consistence and spatial distribution of the excavated Segment of Matter and things and features embedded in it. Some parts or all of the removed physical material (S11 Amount of Matter) may be dispersed, whereas others may be kept in custody in the form of finds or samples, while others (such as parts of walls) may be left at the place of their discovery. The data produced by an instance of excavation process unit should pertain to the material state of matter at excavation time only and should well be distinguished from subsequent interpretation about the causes for this state of matter.
</rdfs:comment>
	<rdfs:subClassOf rdf:resource="http://www.cidoc-crm.org/cidoc-crm/E6_Destruction"/>
	<rdfs:subClassOf rdf:resource="http://www.cidoc-crm.org/cidoc-crm/CRMsci/S1_Matter_Removal"/>
	<rdfs:subClassOf rdf:resource="http://www.cidoc-crm.org/cidoc-crm/CRMsci/S4_Observation"/>
</rdfs:Class>

<rdfs:Class rdf:about="A2_Stratigraphic_Volume_Unit">
	<rdfs:label xml:lang="en">Stratigraphic Volume Unit</rdfs:label>
	<rdfs:comment>This class comprises connected portions of terrain or other solid structure on, in, or under the surface of earth or seafloor exhibiting some homogeneity of structure or substance and completely bounded by surfaces or discontinuities in substance or structure with respect to other portions of the terrain or surfaces of objects/finds.
An instance of A8 Stratigraphic Unit may contain physical objects. The internal continuity and the boundaries of an instance of A8 Stratigraphic Unit should  be of a kind that can be attributed to a single genesis event or process and have the potential to be observed.
One genesis event may have created more than one SU. An instance of A8 Stratigraphic Unit is regarded to exist as long as a part of its matter is still in place with respect to a surrounding reference space such that its spatial features can be associated with effects of the genesis process of interest. Normally at least one of the surfaces (such as the lower one) from its genesis event will remain during its existence.
This also implies that a certain degree of coherent (“conformal”) deformation is tolerable within its time-span of existence. Therefore the place an instance of A8 Stratigraphic Unit occupies can be uniquely identified with respect to the surrounding reference space of archaeological interest.
</rdfs:comment>
	<rdfs:subClassOf rdf:resource="A8_Stratigraphic_Unit"/>
</rdfs:Class>

<rdfs:Class rdf:about="A3_Stratigraphic_Interface">
	<rdfs:label xml:lang="en">Stratigraphic Interface</rdfs:label>
	<rdfs:comment>This class comprises coherent parts of the boundary surface, which appears as the result of a stratigraphic genesis event or process. The interface marks the extreme limit of the effect of a genesis or modification event, and indicates in particular where the effect of this event ended. Each event of creation/destruction of a deposition layer implies the creation of new interfaces. Thus there are two main types of interface: those that are surfaces of strata (that can be directly related to the corresponding stratum via the AP12 confines property), and those that are only surfaces, formed by the removal or destruction of existing stratifications.</rdfs:comment>
	<rdfs:subClassOf rdf:resource="A8_Stratigraphic_Unit"/>
</rdfs:Class>

<rdfs:Class rdf:about="A4_Stratigraphic_Genesis">
	<rdfs:label xml:lang="en">Stratigraphic Genesis</rdfs:label>
	<rdfs:comment>This class comprises activities or processes that have produced homogeneous, distinguishable units of stratification that are in a relatively stable form from the time of their genesis until they are observed. Such processes may be the aggregation of cycles of erosion/destruction, deposit/accumulation, transformation/modification occurring on a particular site throughout a particular period of time. These processes are usually due not only to natural forces (i.e., climate, the impact of flora and fauna, other natural events), but also to human activities, in particular, excavation and construction. An event of stratification genesis typically produces two main forms of stratification units both a deposit and an interface.</rdfs:comment>
	<rdfs:subClassOf rdf:resource="http://www.cidoc-crm.org/cidoc-crm/CRMsci/S17_Physical_Genesis"/>
	<rdfs:subClassOf rdf:resource="A5_Stratigraphic_Modification"/>
</rdfs:Class>

<rdfs:Class rdf:about="A5_Stratigraphic_Modification">
	<rdfs:label xml:lang="en">Stratigraphic Modification</rdfs:label>
	<rdfs:comment>This class comprises activities or processes resulting in the modification of Stratigraphic Units after their genesis through A4 Stratigraphic Genesis Events.</rdfs:comment>
	<rdfs:subClassOf rdf:resource="http://www.cidoc-crm.org/cidoc-crm/CRMsci/S18_Alteration"/>
</rdfs:Class>

<rdfs:Class rdf:about="A6_Group_Declaration_Event">
	<rdfs:label xml:lang="en">Group Declaration Event</rdfs:label>
	<rdfs:comment>This class comprises activities resulting in the assignment of a common attribute to several Stratigraphic Units. This may be due to an archaeologists interpretation of them being part of one physical thing, like postholes being part of one building.</rdfs:comment>
	<rdfs:subClassOf rdf:resource="http://www.cidoc-crm.org/cidoc-crm/CRMsci/S5_Inference_Making"/>
</rdfs:Class>

<rdfs:Class rdf:about="A7_Embedding">
	<rdfs:label xml:lang="en">Embedding</rdfs:label>
	<rdfs:comment>This class comprises the states of instances of E18 Physical Things of being partially or completely embedded at a particular position with relative stability in one or more A2 Stratigraphic Volume Units. Normally, an embedding is expected having been stable from the time of generation on of the first A2 Stratigraphic Volume Unit that surrounds it. However, it may also be due to later intrusion. As an empirical fact, the expert may only be able to decide that a particular embedding is not recent, i.e., has been persisting for longer than the activity that encountered it. This class can be used to document the fact of embedding generally with respect to the surrounding matter or more specifically with respect to a more precise position within this matter. It further allows for specifying temporal bounds for which a particular embedding has been existing as specified according to evidence.</rdfs:comment>
	<rdfs:subClassOf rdf:resource="http://www.cidoc-crm.org/cidoc-crm/CRMsci/S16_State"/>
</rdfs:Class>

<rdfs:Class rdf:about="A8_Stratigraphic_Unit">
	<rdfs:label xml:lang="en">Stratigraphic Unit</rdfs:label>
	<rdfs:comment>This class comprises S20 Physical Features that are either A2 Stratigraphic Volume Units or A3 Stratigraphic Interfaces</rdfs:comment>
	<rdfs:subClassOf rdf:resource="http://www.cidoc-crm.org/cidoc-crm/CRMsci/S20_Rigid_Physical_Feature"/>
</rdfs:Class>

<rdfs:Class rdf:about="A9_Archaeological_Excavation">
	<rdfs:label xml:lang="en">Archaeological Excavation</rdfs:label>
	<rdfs:comment>This class describes the general concept of archaeological escalation intended as a coordinated set of excavation process units (A1) performed on an area considered as part of a broader topographical, rural, urban, or monumental context. An archaeological excavation typically takes place in a predefined geographic area specifically defined after an investigation campaign or based on interpretation of sources, or evidenced by a different activity (such as: preparatory works for urban construction, rescue archaeology and similar) and is carried out according with specific authorisations provided by a competent authority. A specific identifier for each archaeological excavation is usually assigned by the same authority. The set of activities is not limited to matter removals but also comprises siblings activities, happening throughout the whole process, intended for observation and/or consolidation of the excavated strata. The archaeological excavation is usually under the responsibility of a coordinator, officially designated, which is legally and scientifically responsible for all the activities carried out within each of the excavation process units and is also responsible for the documentation of the whole process.</rdfs:comment>
	<rdfs:subClassOf rdf:resource="http://www.cidoc-crm.org/cidoc-crm/CRMsci/S1_Matter_Removal"/>
	<rdfs:subClassOf rdf:resource="http://www.cidoc-crm.org/cidoc-crm/CRMsci/S4_Observation"/>
</rdfs:Class>

<rdf:Property rdf:about="AP1_produced">
	<rdfs:label xml:lang="en">produced</rdfs:label>
	<rdfs:comment>This property identifies the S11 Amount of Matter, e.g. a basket, that is preserved (part or total of) from an A1 Excavation Process Unit for further examination or evidence keeping. </rdfs:comment>
	<rdfs:domain rdf:resource="A1_Excavation_Process_Unit"/>
	<rdfs:range rdf:resource="http://www.cidoc-crm.org/cidoc-crm/CRMsci/S11_Amount_of_Matter"/>
</rdf:Property>

<rdf:Property rdf:about="AP1i_was_produced_by">
	<rdfs:label xml:lang="en">was produced by</rdfs:label>
	<rdfs:domain rdf:resource="http://www.cidoc-crm.org/cidoc-crm/CRMsci/S11_Amount_of_Matter"/>
	<rdfs:range rdf:resource="A1_Excavation_Process_Unit"/>
</rdf:Property>

<rdf:Property rdf:about="AP2_discarded_into">
	<rdfs:label xml:lang="en">discarded into</rdfs:label>
	<rdfs:comment>This property identifies the S11 Amount of Matter (e.g. a heap) into which material from an A1 Excavation Process Unit is discarded.</rdfs:comment>
	<rdfs:domain rdf:resource="A1_Excavation_Process_Unit"/>
	<rdfs:range rdf:resource="http://www.cidoc-crm.org/cidoc-crm/CRMsci/S11_Amount_of_Matter"/>
</rdf:Property>

<rdf:Property rdf:about="AP2i_was_discarded_by">
	<rdfs:label xml:lang="en">was discarded by</rdfs:label>
	<rdfs:domain rdf:resource="http://www.cidoc-crm.org/cidoc-crm/CRMsci/S11_Amount_of_Matter"/>
	<rdfs:range rdf:resource="A1_Excavation_Process_Unit"/>
</rdf:Property>

<rdf:Property rdf:about="AP3_excavated">
	<rdfs:label xml:lang="en">excavated</rdfs:label>
	<rdfs:comment>This property identifies the 3D excavated volume instance of E53 Place, i.e., a three- dimensional volume, that was actually excavated during an A1 Excavation Process Unit. </rdfs:comment>
	<rdfs:domain rdf:resource="A1_Excavation_Process_Unit"/>
	<rdfs:range rdf:resource="http://www.cidoc-crm.org/cidoc-crm/E53_Place"/>
</rdf:Property>

<rdf:Property rdf:about="AP3i_was_excavated_by">
	<rdfs:label xml:lang="en">was excavated by</rdfs:label>
	<rdfs:domain rdf:resource="http://www.cidoc-crm.org/cidoc-crm/E53_Place"/>
	<rdfs:range rdf:resource="A1_Excavation_Process_Unit"/>
</rdf:Property>

<rdf:Property rdf:about="AP4_produced_surface">
	<rdfs:label xml:lang="en">produced surface</rdfs:label>
	<rdfs:comment>This property identifies the instance of S20 Physical Feature that constitutes the new surface produced during an A1 Excavation Process Unit in the excavated area. Frequently this surface or parts of it are documented through drawing and/or measured by technical means such as photography, tachymetry or laser scanning.</rdfs:comment>
	<rdfs:domain rdf:resource="A1_Excavation_Process_Unit"/>
	<rdfs:range rdf:resource="http://www.cidoc-crm.org/cidoc-crm/CRMsci/S20_Physical_Feature"/>
</rdf:Property>

<rdf:Property rdf:about="AP4i_was_surface_produced_by">
	<rdfs:label xml:lang="en">was surface produced by</rdfs:label>
	<rdfs:domain rdf:resource="http://www.cidoc-crm.org/cidoc-crm/CRMsci/S20_Physical_Feature"/>
	<rdfs:range rdf:resource="A1_Excavation_Process_Unit"/>
</rdf:Property>

<rdf:Property rdf:about="AP5_removed_part_or_all_of">
	<rdfs:label xml:lang="en">removed part or all of</rdfs:label>
	<rdfs:comment>This property identifies the instance of A8 Stratigraphic Unit that was cut during an A1 Excavation Process Unit.</rdfs:comment>
	<rdfs:domain rdf:resource="A1_Excavation_Process_Unit"/>
	<rdfs:range rdf:resource="A8_Stratigraphic_Unit"/>
</rdf:Property>

<rdf:Property rdf:about="AP5i_was_partially_or_totally_removed_by">
	<rdfs:label xml:lang="en">was partially or totally removed by</rdfs:label>
	<rdfs:domain rdf:resource="A8_Stratigraphic_Unit"/>
	<rdfs:range rdf:resource="A1_Excavation_Process_Unit"/>
</rdf:Property>

<rdf:Property rdf:about="AP6_intended_to_approximate">
	<rdfs:label xml:lang="en">intended to approximate</rdfs:label>
	<rdfs:comment>This property identifies the A3 Stratigraphic Interface that was intended to approximate during an A1 Excavation Process Unit. This property should be assigned when a stratigraphic excavation methodology is used. It enables the linkage of the surface produced by an A1 Excavation Process Unit and an A3 Stratigraphic Interface.</rdfs:comment>
	<rdfs:domain rdf:resource="A1_Excavation_Process_Unit"/>
	<rdfs:range rdf:resource="A3_Stratigraphic_Interface"/>
	<rdfs:subPropertyOf rdf:resource="http://www.cidoc-crm.org/cidoc-crm/CRMsci/O8_observed"/>
</rdf:Property>

<rdf:Property rdf:about="AP6i_was_approximated_by">
	<rdfs:label xml:lang="en">was approximated by</rdfs:label>
	<rdfs:domain rdf:resource="A3_Stratigraphic_Interface"/>
	<rdfs:range rdf:resource="A1_Excavation_Process_Unit"/>
	<rdfs:subPropertyOf rdf:resource="http://www.cidoc-crm.org/cidoc-crm/CRMsci/O8i_was_observed_by"/>
</rdf:Property>

<rdf:Property rdf:about="AP7_produced">
	<rdfs:label xml:lang="en">produced</rdfs:label>
	<rdfs:comment>This property identifies the A8 Stratigraphic Unit that was produced during an  A4 Stratigraphic Genesis Event.</rdfs:comment>
	<rdfs:domain rdf:resource="A4_Stratigraphic_Genesis"/>
	<rdfs:range rdf:resource="A3_Stratigraphic_Interface"/>
	<rdfs:subPropertyOf rdf:resource="http://www.cidoc-crm.org/cidoc-crm/CRMsci/O17_generated"/>
</rdf:Property>

<rdf:Property rdf:about="AP7i_was_produced_by">
	<rdfs:label xml:lang="en">was produced by</rdfs:label>
	<rdfs:domain rdf:resource="A3_Stratigraphic_Interface"/>
	<rdfs:range rdf:resource="A4_Stratigraphic_Genesis"/>
	<rdfs:subPropertyOf rdf:resource="http://www.cidoc-crm.org/cidoc-crm/CRMsci/O17i_was_generated_by"/>
</rdf:Property>

<rdf:Property rdf:about="AP8_disturbed">
	<rdfs:label xml:lang="en">disturbed</rdfs:label>
	<rdfs:comment>This property identifies an A8 Stratigraphic Unit that was disturbed through an A5 Stratigraphic Modification. One A5 Stratigraphic Modification may disturb several A8   Stratigraphic Units.</rdfs:comment>
	<rdfs:domain rdf:resource="A4_Stratigraphic_Genesis"/>
	<rdfs:range rdf:resource="A3_Stratigraphic_Interface"/>
</rdf:Property>

<rdf:Property rdf:about="AP8i_was_disturbed_by">
	<rdfs:label xml:lang="en">was disturbed by</rdfs:label>
	<rdfs:domain rdf:resource="A3_Stratigraphic_Interface"/>
	<rdfs:range rdf:resource="A4_Stratigraphic_Genesis"/>
</rdf:Property>

<rdf:Property rdf:about="AP9_took_matter_from">
	<rdfs:label xml:lang="en">took matter from</rdfs:label>
	<rdfs:comment>This property identifies the S10 Material Substantial from where matter was taken from during an A4 Stratigraphic Genesis Event.</rdfs:comment>
	<rdfs:domain rdf:resource="A4_Stratigraphic_Genesis"/>
	<rdfs:range rdf:resource="http://www.cidoc-crm.org/cidoc-crm/CRMsci/S10_Material_Substantial"/>
</rdf:Property>

<rdf:Property rdf:about="AP9i_provided_matter_to">
	<rdfs:label xml:lang="en">provided matter to</rdfs:label>
	<rdfs:domain rdf:resource="http://www.cidoc-crm.org/cidoc-crm/CRMsci/S10_Material_Substantial"/>
	<rdfs:range rdf:resource="A4_Stratigraphic_Genesis"/>
</rdf:Property>

<rdf:Property rdf:about="AP10_destroyed">
	<rdfs:label xml:lang="en">destroyed</rdfs:label>
	<rdfs:comment></rdfs:comment>
	<rdfs:domain rdf:resource="A1_Excavation_Process_Unit"/>
	<rdfs:range rdf:resource="http://www.cidoc-crm.org/cidoc-crm/CRMsci/S22_Segment_of_Matter"/>
	<rdfs:subPropertyOf rdf:resource="http://www.cidoc-crm.org/cidoc-crm/P13_destroyed"/>
</rdf:Property>

<rdf:Property rdf:about="AP10i_was_destroyed_by">
	<rdfs:label xml:lang="en">was destroyed by</rdfs:label>
	<rdfs:domain rdf:resource="http://www.cidoc-crm.org/cidoc-crm/CRMsci/S22_Segment_of_Matter"/>
	<rdfs:range rdf:resource="A1_Excavation_Process_Unit"/>
	<rdfs:subPropertyOf rdf:resource="http://www.cidoc-crm.org/cidoc-crm/P13i_was_destroyed_by"/>
</rdf:Property>

<rdf:Property rdf:about="AP11_has_physical_relation">
	<rdfs:label xml:lang="en">has physical relation</rdfs:label>
	<rdfs:comment>This property identifies the physical relationship between two A8 Stratigraphic Units. The type of physical relationships found between stratigraphic units in archaeological documentation is documented through the property AP 11.1 has type</rdfs:comment>
	<rdfs:domain rdf:resource="A8_Stratigraphic_Unit"/>
	<rdfs:range rdf:resource="A8_Stratigraphic_Unit"/>
</rdf:Property>

<rdf:Property rdf:about="AP11i_is_physical_relation_of">
	<rdfs:label xml:lang="en">is physical relation of</rdfs:label>
	<rdfs:domain rdf:resource="A8_Stratigraphic_Unit"/>
	<rdfs:range rdf:resource="A8_Stratigraphic_Unit"/>
</rdf:Property>

<rdf:Property rdf:about="AP12_confines">
	<rdfs:label xml:lang="en">confines</rdfs:label>
	<rdfs:comment>This property identifies partly or completely the surface (A3 Stratigraphic Interface) of an A2 Stratigraphic Volume Unit. One A3 Stratigraphic Interface may confine two or more A2 Stratigraphic Volume Units.</rdfs:comment>
	<rdfs:domain rdf:resource="A3_Stratigraphic_Interface"/>
	<rdfs:range rdf:resource="A2_Stratigraphic_Volume_Unit"/>
</rdf:Property>

<rdf:Property rdf:about="AP12i_is_confined_by">
	<rdfs:label xml:lang="en">is confined by</rdfs:label>
	<rdfs:domain rdf:resource="A2_Stratigraphic_Volume_Unit"/>
	<rdfs:range rdf:resource="A3_Stratigraphic_Interface"/>
</rdf:Property>

<rdf:Property rdf:about="AP13_has_stratigraphic_relation">
	<rdfs:label xml:lang="en">has stratigraphic relation</rdfs:label>
	<rdfs:comment>This property identifies the stratigraphic relation between two A5 Stratigraphic modification events. This relation may be inferenced from the kind of physical relation that exists between the two AP 8 Stratigraphic Units that have been created or modified during the corresponding A5 Stratigraphic Modification events. The type of stratigraphic relationships in archaeological documentation assigned to two A5 Stratigraphic Modification events is documented through the property AP 13.1 has type.</rdfs:comment>
	<rdfs:domain rdf:resource="A8_Stratigraphic_Unit"/>
	<rdfs:range rdf:resource="A8_Stratigraphic_Unit"/>
</rdf:Property>

<rdf:Property rdf:about="AP13i_is_stratigraphic_relation_of">
	<rdfs:label xml:lang="en">is stratigraphic relation of</rdfs:label>
	<rdfs:domain rdf:resource="A8_Stratigraphic_Unit"/>
	<rdfs:range rdf:resource="A5_Stratigraphic_Modification"/>
</rdf:Property>

<rdf:Property rdf:about="AP15_is_or_contains_remains_of">
	<rdfs:label xml:lang="en">is or contains remains of</rdfs:label>
	<rdfs:comment>This property associates an E18 Physical Thing that is found within an A8 Stratigraphic  Unit with the stratigraphic unit. This property is a shortcut for the fully articulated path from E18 Physical Thing through A7 Embedding to A8 Stratigraphic Unit.</rdfs:comment>
	<rdfs:domain rdf:resource="A8_Stratigraphic_Unit"/>
	<rdfs:range rdf:resource="http://www.cidoc-crm.org/cidoc-crm/E18_Physical_Thing"/>
</rdf:Property>

<rdf:Property rdf:about="AP15i_is_or_has_remains_contained_in">
	<rdfs:label xml:lang="en">is or has remains contained in</rdfs:label>
	<rdfs:domain rdf:resource="http://www.cidoc-crm.org/cidoc-crm/E18_Physical_Thing"/>
	<rdfs:range rdf:resource="A8_Stratigraphic_Unit"/>
</rdf:Property>

<rdf:Property rdf:about="AP16_assigned_attribute_to">
	<rdfs:label xml:lang="en">assigned attribute to</rdfs:label>
	<rdfs:comment>This property indicates the Stratigraphic Unit that was assigned by an A6 Group Declaration Event.</rdfs:comment>
	<rdfs:domain rdf:resource="A6_Group_Declaration_Event"/>
	<rdfs:range rdf:resource="A8_Stratigraphic_Unit"/>
	<rdfs:subPropertyOf rdf:resource="http://www.cidoc-crm.org/cidoc-crm/P140_assigned_attribute_to"/>
</rdf:Property>

<rdf:Property rdf:about="AP16i_was_attributed_by">
	<rdfs:label xml:lang="en">was attributed by</rdfs:label>
	<rdfs:domain rdf:resource="A8_Stratigraphic_Unit"/>
	<rdfs:range rdf:resource="A6_Group_Declaration_Event"/>
	<rdfs:subPropertyOf rdf:resource="http://www.cidoc-crm.org/cidoc-crm/P140i_was_attributed_by"/>
</rdf:Property>

<rdf:Property rdf:about="AP17_is_found_by">
	<rdfs:label xml:lang="en">is found by</rdfs:label>
	<rdfs:comment>This property associates an instance of S19 Encounter Eventwith an instance of A7 Embedding that has been found during this even.</rdfs:comment>
	<rdfs:domain rdf:resource="A7_Embedding"/>
	<rdfs:range rdf:resource="http://www.cidoc-crm.org/cidoc-crm/CRMsci/S19_Encounter_Event"/>
</rdf:Property>

<rdf:Property rdf:about="AP17i_found">
	<rdfs:label xml:lang="en">found</rdfs:label>
	<rdfs:domain rdf:resource="http://www.cidoc-crm.org/cidoc-crm/CRMsci/S19_Encounter_Event"/>
	<rdfs:range rdf:resource="A7_Embedding"/>
</rdf:Property>

<rdf:Property rdf:about="AP18_is_embedding_of">
	<rdfs:label xml:lang="en">is embedding of</rdfs:label>
	<rdfs:comment>This property identifies the E18 Physical Thing that is contained in an A7 Embedding.</rdfs:comment>
	<rdfs:domain rdf:resource="A7_Embedding"/>
	<rdfs:range rdf:resource="http://www.cidoc-crm.org/cidoc-crm/E18_Physical_Thing"/>
</rdf:Property>

<rdf:Property rdf:about="AP18i_is_embedded">
	<rdfs:label xml:lang="en">is embedded</rdfs:label>
	<rdfs:domain rdf:resource="http://www.cidoc-crm.org/cidoc-crm/E18_Physical_Thing"/>
	<rdfs:range rdf:resource="A7_Embedding"/>
</rdf:Property>

<rdf:Property rdf:about="AP19_is_embedding_in">
	<rdfs:label xml:lang="en">is embedding in</rdfs:label>
	<rdfs:comment>This property identifies the A2 Stratigraphic Volume Unit that contains the A7 Embedding.</rdfs:comment>
	<rdfs:domain rdf:resource="A7_Embedding"/>
	<rdfs:range rdf:resource="A2_Stratigraphic_Volume_Unit"/>
</rdf:Property>

<rdf:Property rdf:about="AP19i_contains_embedding">
	<rdfs:label xml:lang="en">contains embedding</rdfs:label>
	<rdfs:domain rdf:resource="A2_Stratigraphic_Volume_Unit"/>
	<rdfs:range rdf:resource="A7_Embedding"/>
</rdf:Property>

<rdf:Property rdf:about="AP20_is_embedding_at">
	<rdfs:label xml:lang="en">is embedding at</rdfs:label>
	<rdfs:comment>This property identifies the E53 Place that is documented as the E53 Place of the A7 Embedding.</rdfs:comment>
	<rdfs:domain rdf:resource="A7_Embedding"/>
	<rdfs:range rdf:resource="http://www.cidoc-crm.org/cidoc-crm/E53_Place"/>
</rdf:Property>

<rdf:Property rdf:about="AP20i_contains">
	<rdfs:label xml:lang="en">contains</rdfs:label>
	<rdfs:domain rdf:resource="http://www.cidoc-crm.org/cidoc-crm/E53_Place"/>
	<rdfs:range rdf:resource="A7_Embedding"/>
</rdf:Property>
	
	<rdf:Property rdf:about="AP21_contains">
	<rdfs:label xml:lang="en">contains</rdfs:label>
	<rdfs:comment>This property associates an E18 Physical Thing that is found within an A2 Stratigraphic Volume Unit with the stratigraphic volume unit.</rdfs:comment>
	<rdfs:domain rdf:resource="A2_Stratigraphic_Volume_Unit"/>
	<rdfs:range rdf:resource="http://www.cidoc-crm.org/cidoc-crm/E18_Physical_Thing"/>
</rdf:Property>

<rdf:Property rdf:about="AP21i_is_contained_in">
	<rdfs:label xml:lang="en">is contained in</rdfs:label>
	<rdfs:domain rdf:resource="http://www.cidoc-crm.org/cidoc-crm/E18_Physical_Thing"/>
	<rdfs:range rdf:resource="A2_Stratigraphic_Volume_Unit"/>
</rdf:Property>


</rdf:RDF>
